<?xml version="1.0" encoding="UTF-8"?>
<Layer version="1" layerType="VolumeLayer">

	<DisplayName>ant_model.sg</DisplayName>
	<Legend>leg.png</Legend>

	<URL>ant_model3_20_crop_bin.sg</URL>
	<DataFormat>GOCAD SGrid</DataFormat>

	<LastUpdate></LastUpdate>
	<DataCacheName>ant_model.sg</DataCacheName>
	
	<!--<MinimumDistance>1e5</MinimumDistance>-->
	<MaxVariance>0</MaxVariance>
	<CoordinateSystem>EPSG:4326</CoordinateSystem>
	
	<InitialOffset minU="0" maxU="0" minV="0" maxV="0" minW="0" maxW="0" />
	
	<NoDataColor red="255" green="255" blue="255" alpha="255" />
	<ColorMap interpolateHue="false" percentages="false">
		<Entry value="2.5" red="128" green="0" blue="0" alpha="255" />
		<Entry value="2.6" red="255" green="30" blue="0" alpha="255" />
                <Entry value="2.7" red="255" green="106" blue="0" alpha="255" />
		<Entry value="2.8" red="255" green="183" blue="0" alpha="255" />
                <Entry value="2.9" red="255" green="255" blue="0" alpha="255" />
                <Entry value="3.0" red="255" green="255" blue="0" alpha="255" />
		<Entry value="3.1" red="115" green="255" blue="25" alpha="255" />
                <Entry value="3.2" red="22" green="244" blue="90" alpha="255" />
		<Entry value="3.3" red="0" green="136" blue="204" alpha="255" />
                <Entry value="3.4" red="0" green="36" blue="227" alpha="255" />
                <Entry value="3.5" red="0" green="36" blue="227" alpha="255" />
	</ColorMap>

</Layer>
